{"mse": 0.23573146224021904, "mse_q2": 0.22491138501812122, "mse_q1": 0.04881443845192391, "mse_q3": 0.6491319000720982, "mse_q0": 0.017003504566279422, "loss": 0.24445547461509706, "loss_q2": 0.23365668295299077, "loss_q1": 0.057537325475383656, "loss_q3": 0.6578992360535959, "loss_q0": 0.025664892478896452, "grad_norm": 0.23062169372868582, "step": 199950, "samples": 12796864, "_timestamp": 1670070261.0411427, "_runtime": 48597.570806741714, "_step": 4099, "eval_mse": 0.23735050857067108, "eval_mse_q2": 0.25822993740439415, "eval_mse_q1": 0.05521549470722675, "eval_mse_q0": 0.01716125721577555, "eval_mse_q3": 0.621469712432693, "eval_loss": 0.24633321166038513, "eval_loss_q2": 0.2671105434688238, "eval_loss_q1": 0.06452673228664531, "eval_loss_q0": 0.02622489666100591, "eval_loss_q3": 0.6301064061767915, "_wandb": {"runtime": 48610}}